Top queries,Clicks,Impressions,CTR,Position
jft agro overseas llp,44,63,69.84%,1.03
cif calculator,7,32,21.88%,6.97
fob calculator,5,212,2.36%,8.42
fob price calculator,2,23,8.7%,7.57
cif price calculator,1,8,12.5%,3.88
yes,1,7,14.29%,6.71
fob to cif calculator,1,4,25%,2.75
export price calculator,1,4,25%,6.25
nu,1,1,100%,1
cif quote,1,1,100%,5
how to calculate cif price for export,1,1,100%,7
1 million cif price,0,136,0%,9.8
how many 50kg bags of rice in a 40ft container,0,31,0%,7.61
how many 25kg bags of rice in a 20ft container,0,29,0%,8.59
indian rice re-export dubai,0,22,0%,16.05
சீரகம் விலை இன்று,0,18,0%,7.5
jft navi,0,17,0%,9.82
psyllium husk export from india,0,17,0%,44.94
importing seeds to dubai united arab emirates,0,17,0%,67.88
சீரகம் விலை,0,16,0%,7
cif value calculator,0,16,0%,9.5
how many 25kg bags in a 20ft container,0,15,0%,8.4
grains trade in asia,0,14,0%,33.71
how many 25kg bags in a 40ft container,0,13,0%,6.77
1 million cif price in india,0,12,0%,9.25
psyllium husk export,0,12,0%,54.08
moringa powder export,0,11,0%,58
chakki fresh atta exporters,0,10,0%,12.2
import export herbs business in united arab emirates,0,10,0%,62.4
nutmeg powder manufacturing plant cost,0,10,0%,68.8
jft food distribution,0,9,0%,3.89
cumin price per kg india 2026,0,9,0%,9.89
jft india,0,8,0%,9.5
kishmish exporter,0,8,0%,14.88
import and export of pulses in dubai,0,8,0%,66.12
mustard seed powder manufacturing plant cost,0,8,0%,83.25
rice export from india to uae,0,7,0%,5
basmati rice demand uae,0,7,0%,21.57
rice exporter from india to uae,0,7,0%,27.71
pusa 1509 vs 1121,0,6,0%,8.67
port to port shipping transit time,0,6,0%,47
how many 50kg bags of rice in a 20ft container,0,5,0%,10.8
cif price calculation,0,5,0%,11
kishmish exporter india,0,5,0%,17.8
southeast asia millet export regulations certification requirements,0,5,0%,69.6
cif export calculator,0,4,0%,3.5
fob price cumin seeds india 2026,0,4,0%,6.5
indian spices demand uae,0,4,0%,30.75
import indian spices to uae,0,4,0%,39.25
calculate cif value,0,4,0%,40.25
cif price,0,4,0%,44.25
transit time between ports,0,4,0%,47.25
singapore to mundra transit time by sea,0,3,0%,1
starasian agro overseas private limited,0,3,0%,1
jeera price india today 2026,0,3,0%,9.33
ಜೀರಿಗೆ ಬೆಲೆ,0,3,0%,9.67
cumin seeds price per kg 2026 india retail,0,3,0%,10
jeera price per kg 2026 india retail,0,3,0%,10
cumin price per kg chennai 2026,0,3,0%,10.67
indian packaged food export dubai,0,3,0%,27.67
basil seeds exporter,0,3,0%,39.33
export of psyllium,0,3,0%,39.67
transit time calculator,0,3,0%,40.33
moringa powder exporter,0,3,0%,68
port and cargo container tracking,0,3,0%,68
cif rate,0,2,0%,1
next,0,2,0%,3
how many 1kg bags of flower dried can fit on a 20foot container,0,2,0%,5.5
turmeric fob price india 2026,0,2,0%,5.5
how many 50kg bags of sugar in a 20ft container,0,2,0%,6
packing calculator,0,2,0%,9
"""port of loading eta"" shipping",0,2,0%,9.5
cumin seed price per kg india 2026,0,2,0%,9.5
cumin seeds price per kg 2025 india retail,0,2,0%,10
cumin price forecast,0,2,0%,10.5
cumin price per kg tamil nadu retail 2026,0,2,0%,10.5
cumin seed retail price per kg india 2026,0,2,0%,11
fob price calculation,0,2,0%,22
how to calculate fob value for export,0,2,0%,24
cif price list,0,2,0%,25.5
fob value calculation,0,2,0%,27
port transit,0,2,0%,28.5
export rice from india to dubai,0,2,0%,43.5
cargo port tracking,0,2,0%,55
five star export house in india,0,2,0%,60
how to export moringa powder from india,0,2,0%,63.5
28 mt,0,1,0%,1
agro-alimentaire,0,1,0%,1
cepa,0,1,0%,1
cif to inr,0,1,0%,1
coumin,0,1,0%,1
far east ports,0,1,0%,1
from which country origin,0,1,0%,1
give me more companies,0,1,0%,1
jeera price,0,1,0%,1
jft company,0,1,0%,1
kurnool steam rice,0,1,0%,1
price structure,0,1,0%,1
pricing quotes,0,1,0%,1
"we've been trying to export organic chana dal to dubai but the 
phytosanitary paperwork and fssai compliance is a nightmare — is there a 
service that just handles all of this for you",0,1,0%,1
インドは？,0,1,0%,1
exim india shipping times,0,1,0%,2
export cost calculator,0,1,0%,2
fob mundra,0,1,0%,2
more,0,1,0%,2
premium 1121 basmati rice,0,1,0%,2
pricing estimates,0,1,0%,2
what is the rate,0,1,0%,2
ดูใบ,0,1,0%,2
40 feet container rent per month,0,1,0%,3
cif jebel ali,0,1,0%,3
fob turmeric price india 2026,0,1,0%,3
pleaese,0,1,0%,3
cif calculation,0,1,0%,4
cif port klang,0,1,0%,4
fob cost,0,1,0%,4
agro,0,1,0%,5
cif cost,0,1,0%,5
for dubai,0,1,0%,5
other african countries,0,1,0%,5
rice cost calculator,0,1,0%,5
미국과 비교,0,1,0%,5
senna,0,1,0%,6
dubai,0,1,0%,7
fob cost calculator,0,1,0%,7
mostly europe,0,1,0%,7
basmati,0,1,0%,8
cif price list 2026,0,1,0%,8
cumin seeds price per kg chennai june 2026,0,1,0%,8
for pallet,0,1,0%,8
free sample in india,0,1,0%,8
jeera price per kg chennai 2025,0,1,0%,8
shipping and logistics,0,1,0%,8
is this good business,0,1,0%,9
jeera price forecast 2026 india cumin price outlook,0,1,0%,9
both,0,1,0%,10
cumin seeds price per kg india 2025 retail,0,1,0%,10
cumin seeds price per kg india 2026 retail,0,1,0%,10
fob rate,0,1,0%,10
pusa 1121 vs 1509,0,1,0%,10
cumin price per kg india 2025 retail,0,1,0%,11
fob rate calculator,0,1,0%,11
how to calculate fob value from cif value,0,1,0%,11
jeera price per kg tamil nadu 2026,0,1,0%,11
shipping transit time ningbo to mundra port,0,1,0%,11
"yes , please",0,1,0%,11
basmati 1121 vs 1509,0,1,0%,12
sooji rava hsn code,0,1,0%,13
tamarind export,0,1,0%,16
जीरे के भाव,0,1,0%,18
spices and tea,0,1,0%,20
जीरे का भाव,0,1,0%,20
port to port,0,1,0%,24
tamarind exporters in india,0,1,0%,24
africa,0,1,0%,26
psyllium husk exporter india,0,1,0%,27
tamarind export from india,0,1,0%,31
export calculator,0,1,0%,32
jeera rate today per kg,0,1,0%,32
henna powder exporter,0,1,0%,34
psyllium husk exports,0,1,0%,37
best kishmish fro export,0,1,0%,39
export cif,0,1,0%,39
moringa leaves exporter,0,1,0%,39
jeera bhav today,0,1,0%,42
container transit time calculator,0,1,0%,44
jf agro private limited,0,1,0%,45
nsft container tracking,0,1,0%,46
raisins exporter in india,0,1,0%,47
curry export,0,1,0%,50
ocean transit time calculator,0,1,0%,50
port to port shipping transit time calculator,0,1,0%,50
senna leaves exporters,0,1,0%,50
port to port transit time,0,1,0%,54
shipment tracking by vessel name,0,1,0%,55
rice importers in dubai from india,0,1,0%,56
sea import cargo tracking,0,1,0%,57
जीरा मंडी जोधपुर आज का भाव 2026,0,1,0%,57
eisu container tracking,0,1,0%,59
dry red chilli export from india,0,1,0%,60
drumstick leaves export,0,1,0%,63
ocean transit times,0,1,0%,65
spice trade in southeast asia,0,1,0%,69
ocean freight transit time,0,1,0%,70
transit time entre portos,0,1,0%,72
seefracht laufzeiten indien,0,1,0%,75
transittijden zeevracht,0,1,0%,75
vegetable export from india to uae,0,1,0%,75
1121 steam basmati rice exporter,0,1,0%,80
how to export vegetables from india to dubai,0,1,0%,83
moringa leaf export from india,0,1,0%,86
export chilli,0,1,0%,87
what is cif price and fob price,0,1,0%,100